{
    "predict_bleu-4": 40.874046,
    "predict_rouge-1": 40.411481,
    "predict_rouge-2": 23.179796999999997,
    "predict_rouge-l": 40.021910000000005,
    "predict_runtime": 8.7315,
    "predict_samples_per_second": 11.453,
    "predict_steps_per_second": 1.489
}