{
    "epoch": 5.0,
    "eval_loss": 0.376000314950943,
    "eval_runtime": 7.7653,
    "eval_samples_per_second": 25.756,
    "eval_steps_per_second": 3.219,
    "train_loss": 0.4399591088294983,
    "train_runtime": 575.3033,
    "train_samples_per_second": 6.953,
    "train_steps_per_second": 0.869
}