{
    "epoch": 2.99,
    "eval_loss": 1.6065125465393066,
    "eval_runtime": 148.6953,
    "eval_samples_per_second": 2.71,
    "eval_steps_per_second": 0.679,
    "train_loss": 1.9620671736455597,
    "train_runtime": 4836.2375,
    "train_samples_per_second": 2.246,
    "train_steps_per_second": 0.14
}