{
    "predict_bleu-4": 82.06597587939699,
    "predict_rouge-1": 83.4170771356784,
    "predict_rouge-2": 75.12562814070351,
    "predict_rouge-l": 83.4170771356784,
    "predict_runtime": 26.9528,
    "predict_samples_per_second": 14.767,
    "predict_steps_per_second": 1.855
}