{
    "predict_bleu-4": 44.4625814,
    "predict_rouge-1": 44.0687864,
    "predict_rouge-2": 23.634684399999998,
    "predict_rouge-l": 43.59328299999999,
    "predict_runtime": 78.7453,
    "predict_samples_per_second": 12.699,
    "predict_steps_per_second": 1.587
}